./AlexandreCotting/AlexandreCotting_Resolveur-Rubik's-cube.JPG
./Barbapapi/GerryOulevay-Barbapapi.png
./Explorado/Explorado-Boxibot.JPG
./Explorado/Explorado-logo.png
./FabLabChêne20/FabLabChene20-logo.png
./FabLabFribourg/FabLabFribourg-logo.jpg
./FabLabLaCôte/FabLab-LaCote_horloge_nixie.jpg
./FabLabLaCôte/FabLab-LaCote-logo.png
./FablabNeuch/FabLab-Neuch_atelier-3D-Lumineuse.jpg
./FablabNeuch/FabLab-Neuch-logo.jpg
./FixMeHackerspace/FixMeHackerspace.png
./HackuariumRenens/Hackuarium_logo.png
./HauserCharles/CharlesHauser-horloge.JPG
./HauserCharles/CharlesHauser-pendule-incline.JPG
./LaurentFerrari/Laurent-Ferrari_Bitx.jpg
./LemanMake/LemanMake-logo.png
./LemanMake/LemanMake-Makey-Makey.jpg
./Matériaux/Bois-MDF.jpg
./Matériaux/Caoutchouc.jpg
./Matériaux/Gazon.jpg
./Matériaux/Métal.png
./Matériaux/Mousse.jpg
./Matériaux/Peinture.jpg
./Matériaux/Plexiglass.jpg
./Microclub/Microclub-Drone3D.jpg
./Microclub/Microclub-Hydro.jpg
./Objets/Ampoule.jpg
./Objets/Chaise.jpg
./Objets/Fourchette.jpg
./Objets/Hélice.jpg
./Objets/Ipad.jpeg
./Objets/Livre.jpg
./Objets/Monnaie.jpg
./Objets/Pot.jpg
./PTLPostTenebrasLab/PTL-logo.png
./SergePerret/Serge-Perret1.jpeg
